OBJECTNUMMER;Gebied;Jaar;Waargenomen_bijen;WKT_LNG_LAT;WKT_LAT_LNG;LNG;LAT;
14;"Vondelpark";1998;"Gewone geurgroefbij - Gewone maskerbij - Gewone sachembij - Gewone smaragdgroefbij - Meidoornzandbij - Tweekleurige zandbij - Witbaardzandbij";"POINT(4.8679569,52.3575369)";"POINT(52.3575369,4.8679569)";4.8679569;52.3575369;
17;"Boris Pasternakstraat";1998;"Gewone wespbij";"POINT(4.942651,52.318402)";"POINT(52.318402,4.942651)";4.942651;52.318402;
18;"Kelbergen";1998;"Fluitenkruidbij - Gewone franjegroefbij - Gewone maskerbij - Tuinmaskerbij";"POINT(4.970567,52.3119475)";"POINT(52.3119475,4.970567)";4.970567;52.3119475;
19;"Beatixpark";1998;"Donkere wespbij - Gewone geurgroefbij - Gewone sachembij - Gewone wespbij - Grasbij - Grijze rimpelrug - Tweekleurige zandbij - Vosje - Witkopdwergzandbij";"POINT(4.8814108,52.3434607)";"POINT(52.3434607,4.8814108)";4.8814108;52.3434607;
20;"De Boelelaan";1998;"Gewone geurgroefbij - Witbaardzandbij";"POINT(4.8763039,52.3352515)";"POINT(52.3352515,4.8763039)";4.8763039;52.3352515;
21;"De Borcht";1998;"Donkere wespbij - Witbaardzandbij";"POINT(4.8922679,52.3243414)";"POINT(52.3243414,4.8922679)";4.8922679;52.3243414;
22;"Gijsbrecht van Amstelpark";1998;"Donkere wespbij - Ereprijszandbij - Gewone geurgroefbij - Gewone sachembij - Gewone smaragdgroefbij - Goudpootzandbij - Parkbronsgroefbij - Roodgatje - Roodpotige groefbij - Witbaardzandbij - Witkopdwergzandbij";"POINT(4.8730862,52.3283316)";"POINT(52.3283316,4.8730862)";4.8730862;52.3283316;
23;"Oude IJssel";1998;"Rosse metselbij - Witbaardzandbij";"POINT(4.9025791,52.3480727)";"POINT(52.3480727,4.9025791)";4.9025791;52.3480727;
24;"Sarphatistraat";1998;"Grijze rimpelrug - Rosse metselbij - Vosje";"POINT(4.9002511,52.3595015)";"POINT(52.3595015,4.9002511)";4.9002511;52.3595015;
25;"Duivendrechtse polder Viaduct A2";1998;"Geelschouderwespbij - Vroege zandbij";"POINT(4.9132111,52.3242232)";"POINT(52.3242232,4.9132111)";4.9132111;52.3242232;
26;"Omgeving Arena";1998;"Rosse metselbij";"POINT(4.9391749,52.3154494)";"POINT(52.3154494,4.9391749)";4.9391749;52.3154494;
27;"Rijksstraatweg Duivendrecht";1998;"Gewone geurgroefbij - Gewone sachembij - Grasbij";"POINT(4.9390891,52.3270575)";"POINT(52.3270575,4.9390891)";4.9390891;52.3270575;
28;"De Slinger Gooise weg";1998;"Gewone geurgroefbij - Grote bladsnijder";"POINT(4.94647,52.3310706)";"POINT(52.3310706,4.94647)";4.94647;52.3310706;
29;"De Slinger ?";1998;"Gewone franjegroefbij - Gewone geurgroefbij - Parkbronsgroefbij - Roodsprietwespbij - Rosse metselbij - Tweekleurige zandbij - Witbaardzandbij - Witkopdwergzandbij";"POINT(4.9357741,52.3299185)";"POINT(52.3299185,4.9357741)";4.9357741;52.3299185;
30;"Leksmondplein";1998;"Ereprijszandbij - Fluitenkruidbij - Gewone geurgroefbij - Gewone sachembij - Gewone smaragdgroefbij - Roodpotige groefbij";"POINT(4.9798911,52.3087966)";"POINT(52.3087966,4.9798911)";4.9798911;52.3087966;
31;"Leusdenhof";1998;"Ereprijszandbij - Rosse metselbij - Witbaardzandbij - Witkopdwergzandbij";"POINT(4.9785712,52.3085486)";"POINT(52.3085486,4.9785712)";4.9785712;52.3085486;
32;"Tongerenstraat";1998;"Ereprijszandbij";"POINT(4.9675848,52.2943083)";"POINT(52.2943083,4.9675848)";4.9675848;52.2943083;
33;"Sportpark de Eendracht";1998;"Gewone franjegroefbij - Gewone geurgroefbij - Gewone smaragdgroefbij - Grote bladsnijder - Roodpotige groefbij - Wormkruidbij";"POINT(4.7845938,52.3811728)";"POINT(52.3811728,4.7845938)";4.7845938;52.3811728;
34;"Alkmaarstraat";1998;"Gewone sachembij";"POINT(4.952307,52.3943068)";"POINT(52.3943068,4.952307)";4.952307;52.3943068;
35;"Baanakkerspark";1998;"Donkere wespbij - Gewone geurgroefbij - Gewone wespbij - Meidoornzandbij - Vosje - Witbaardzandbij";"POINT(4.944668,52.3961531)";"POINT(52.3961531,4.944668)";4.944668;52.3961531;
36;"Barkpad";1998;"Grote wolbij";"POINT(4.9073751,52.4040991)";"POINT(52.4040991,4.9073751)";4.9073751;52.4040991;
37;"Buikslotermeerdijk";1998;"Grasbij - Tweekleurige zandbij - Witkopdwergzandbij";"POINT(4.9293692,52.4096915)";"POINT(52.4096915,4.9293692)";4.9293692;52.4096915;
38;"Groenstrook rondweg A10 ?";1998;"Gewone geurgroefbij - Grasbij - Grote wolbij - Matte bandgroefbij - Tweekleurige zandbij - Witkopdwergzandbij";"POINT(4.9507301,52.4018752)";"POINT(52.4018752,4.9507301)";4.9507301;52.4018752;
39;"Hilversumstraat ";1998;"Gewone geurgroefbij";"POINT(4.9561908,52.3891875)";"POINT(52.3891875,4.9561908)";4.9561908;52.3891875;
40;"Markengouw";1998;"Tweekleurige zandbij";"POINT(4.9587009,52.3954321)";"POINT(52.3954321,4.9587009)";4.9587009;52.3954321;
41;"Nieuwe Purmerweg";1998;"Tweekleurige zandbij";"POINT(4.9247768,52.3981063)";"POINT(52.3981063,4.9247768)";4.9247768;52.3981063;
42;"Noordhollandsch kanaal";1998;"Tweekleurige zandbij";"POINT(4.9219229,52.3996359)";"POINT(52.3996359,4.9219229)";4.9219229;52.3996359;
43;"Het IJ ";1998;"Grote bladsnijder";"POINT(4.9020531,52.3830306)";"POINT(52.3830306,4.9020531)";4.9020531;52.3830306;
44;"Ringweg Noord";1998;"Gewone geurgroefbij - Gewone sachembij - Grasbij - Rosse metselbij - Tweekleurige zandbij - Witbaardzandbij";"POINT(4.969516,52.3846022)";"POINT(52.3846022,4.969516)";4.969516;52.3846022;
45;"Schellingwouderdijk";1998;"Gewone geurgroefbij - Roodpotige groefbij - Tweekleurige zandbij";"POINT(4.9423082,52.3901564)";"POINT(52.3901564,4.9423082)";4.9423082;52.3901564;
46;"Waddendijk";1998;"Gewone geurgroefbij - Grasbij - Grijze rimpelrug - Tweekleurige zandbij - Vosje - Witkopdwergzandbij";"POINT(4.9290039,52.3940512)";"POINT(52.3940512,4.9290039)";4.9290039;52.3940512;
47;"Heemtuin Th. Weeversweg";1998;"Gewone geurgroefbij - Gewone sachembij - Meidoornzandbij - Roodpotige groefbij - Rosse metselbij - Tuinmaskerbij - Tweekleurige zandbij - Vosje - Witbaardzandbij";"POINT(4.9426992,52.3984763)";"POINT(52.3984763,4.9426992)";4.9426992;52.3984763;
48;"Heemtuin Het Schouw";1998;"Donkere wespbij - Gewone wespbij";"POINT(4.9426558,52.3984419)";"POINT(52.3984419,4.9426558)";4.9426558;52.3984419;
49;"Werengouw";1998;"Donkere wespbij - Gewone franjegroefbij - Gewone maskerbij - Gewone wespbij - Grijze rimpelrug - Rosse metselbij - Tuinmaskerbij - Witbaardzandbij";"POINT(4.952522,52.3928038)";"POINT(52.3928038,4.952522)";4.952522;52.3928038;
50;"Zuiderzeeweg";1998;"Gewone smaragdgroefbij - Grasbij - Roodpotige groefbij";"POINT(4.9684861,52.3800704)";"POINT(52.3800704,4.9684861)";4.9684861;52.3800704;
51;"Baden Powellweg";1998;"Gewone geurgroefbij - Grasbij - Grijze rimpelrug - Roodpotige groefbij - Rosse metselbij - Tweekleurige zandbij - Vosje - Witkopdwergzandbij - Zwartbronzen zandbij";"POINT(4.7909019,52.3558089)";"POINT(52.3558089,4.7909019)";4.7909019;52.3558089;
52;"Eastonstraat";1998;"Gewone franjegroefbij - Gewone geurgroefbij - Wespbij spec. - Witkopdwergzandbij";"POINT(4.8110731,52.356259)";"POINT(52.356259,4.8110731)";4.8110731;52.356259;
53;"Fietspad T106";1998;"Grasbij - Tweekleurige zandbij";"POINT(4.8069522,52.3323294)";"POINT(52.3323294,4.8069522)";4.8069522;52.3323294;
54;"Ingelandenweg";1998;"Tweekleurige zandbij";"POINT(4.7845509,52.3591086)";"POINT(52.3591086,4.7845509)";4.7845509;52.3591086;
55;"Jan Smitstraat Ecohof";1998;"Gewone geurgroefbij - Grasbij - Witkopdwergzandbij";"POINT(4.8007028,52.3510253)";"POINT(52.3510253,4.8007028)";4.8007028;52.3510253;
56;"Lelylaan";1998;"Donkere wespbij - Meidoornzandbij";"POINT(4.8184111,52.3577849)";"POINT(52.3577849,4.8184111)";4.8184111;52.3577849;
57;"Meer en Vaart";1998;"Roodgatje - Tweekleurige zandbij - Witbaardzandbij";"POINT(4.80809,52.3589408)";"POINT(52.3589408,4.80809)";4.80809;52.3589408;
58;"Osdorperweg";1998;"Gewone geurgroefbij - Grasbij - Roodpotige groefbij - Witkopdwergzandbij";"POINT(4.7750671,52.3724753)";"POINT(52.3724753,4.7750671)";4.7750671;52.3724753;
59;"Pieter Calandlaan";1998;"Gewone geurgroefbij - Gewone sachembij - Roodpotige groefbij - Tweekleurige zandbij";"POINT(4.8193982,52.3558737)";"POINT(52.3558737,4.8193982)";4.8193982;52.3558737;
60;"Westgaarde";1998;"Gewone geurgroefbij - Gewone maskerbij - Grasbij - Grote bladsnijder - Kleine wespbij - Parkbronsgroefbij - Roodpotige groefbij - Tuinbladsnijder - Tweekleurige zandbij - Wespbij spec. - Witkopdwergzandbij";"POINT(4.774122,52.3586623)";"POINT(52.3586623,4.774122)";4.774122;52.3586623;
61;"Wiedijktuin";1998;"Gewone geurgroefbij - Grote bladsnijder - Meidoornzandbij - Roodpotige groefbij - Rosse metselbij - Witkopdwergzandbij";"POINT(4.8172419,52.3568999)";"POINT(52.3568999,4.8172419)";4.8172419;52.3568999;
62;"Bilderdijkpark";1998;"Grote bladsnijder - Rosse metselbij";"POINT(4.869878,52.3716437)";"POINT(52.3716437,4.869878)";4.869878;52.3716437;
63;"Jacob van Lennepkade";1998;"Gewone maskerbij - Gewone sachembij - Rosse metselbij - Witbaardzandbij";"POINT(4.865833,52.3636901)";"POINT(52.3636901,4.865833)";4.865833;52.3636901;
64;"Van Hogendorpstraat";1998;"Gewone maskerbij - Resedamaskerbij - Tuinmaskerbij";"POINT(4.8688371,52.3822066)";"POINT(52.3822066,4.8688371)";4.8688371;52.3822066;
65;"Anthony Fokkerweg";1998;"Donkere wespbij - Gewone geurgroefbij - Gewone wespbij - Meidoornzandbij - Rosse metselbij - Sierlijke wespbij - Witbaardzandbij";"POINT(4.8442352,52.3453223)";"POINT(52.3453223,4.8442352)";4.8442352;52.3453223;
66;"Abbenesstraat";1998;"Witbaardzandbij";"POINT(4.8466389,52.3481528)";"POINT(52.3481528,4.8466389)";4.8466389;52.3481528;
67;"Katwijkstraat";1998;"Witbaardzandbij";"POINT(4.8464458,52.3510481)";"POINT(52.3510481,4.8464458)";4.8464458;52.3510481;
68;"Valschermkade";1998;"Fluitenkruidbij - Gewone geurgroefbij - Gewone wespbij - Meidoornzandbij - Rosse metselbij - Tweekleurige zandbij - Vosje - Witkopdwergzandbij";"POINT(4.845072,52.3423583)";"POINT(52.3423583,4.845072)";4.845072;52.3423583;
69;"Amstelkade";1998;"Donkere wespbij - Gewone geurgroefbij - Gewone sachembij - Meidoornzandbij - Vosje";"POINT(4.8973319,52.3479315)";"POINT(52.3479315,4.8973319)";4.8973319;52.3479315;
70;"Graafschapstraat";1998;"Glanzende dwergbloedbij - Witbaardzandbij";"POINT(4.8942959,52.3391425)";"POINT(52.3391425,4.8942959)";4.8942959;52.3391425;
71;"President Kennedylaan";1998;"Gewone franjegroefbij";"POINT(4.8998001,52.3404051)";"POINT(52.3404051,4.8998001)";4.8998001;52.3404051;
72;"Bilderdijkkade";1998;"Gewone maskerbij";"POINT(4.8702309,52.3681838)";"POINT(52.3681838,4.8702309)";4.8702309;52.3681838;
73;"Burg Venig Meineszlaan";1998;"Grote bladsnijder - Tweekleurige zandbij";"POINT(4.8308141,52.3829543)";"POINT(52.3829543,4.8308141)";4.8308141;52.3829543;
74;"Johan Huizingallaan";1998;"Gewone franjegroefbij - Gewone geurgroefbij - Tweekleurige zandbij";"POINT(4.8280671,52.3451659)";"POINT(52.3451659,4.8280671)";4.8280671;52.3451659;
75;"Kortrijk";1998;"Gewone geurgroefbij - Gewone maskerbij - Grasbij - Matte bandgroefbij - Tweekleurige zandbij";"POINT(4.8016102,52.3439147)";"POINT(52.3439147,4.8016102)";4.8016102;52.3439147;
76;"Lanakenstraat";1998;"Gewone geurgroefbij - Grasbij";"POINT(4.8068449,52.3467223)";"POINT(52.3467223,4.8068449)";4.8068449;52.3467223;
77;"Mechelensingel";1998;"Gewone geurgroefbij";"POINT(4.80779,52.3471648)";"POINT(52.3471648,4.80779)";4.80779;52.3471648;
78;"Oudenaardeplantsoen";1998;"Gewone geurgroefbij - Gewone maskerbij - Grasbij - Matte bandgroefbij";"POINT(4.8025429,52.3467719)";"POINT(52.3467719,4.8025429)";4.8025429;52.3467719;
79;"Slotermeerlaan";1998;"Gewone franjegroefbij - Gewone geurgroefbij - Parkbronsgroefbij - Tweekleurige zandbij";"POINT(4.819741,52.3774764)";"POINT(52.3774764,4.819741)";4.819741;52.3774764;
80;"Vrije Geer";1998;"Dikkopbloedbij - Gewone geurgroefbij - Grasbij - Schoffelbloedbij - Tweekleurige zandbij";"POINT(4.7982409,52.3454787)";"POINT(52.3454787,4.7982409)";4.7982409;52.3454787;
81;"Spaarndammerdijk";1998;"Gewone geurgroefbij - Tweekleurige zandbij";"POINT(4.861841,52.3916365)";"POINT(52.3916365,4.861841)";4.861841;52.3916365;
82;"Brinkstraat";1998;"Grote bladsnijder - Tweekleurige zandbij";"POINT(4.9453981,52.3417822)";"POINT(52.3417822,4.9453981)";4.9453981;52.3417822;
83;"Willem Dreeshuis";1998;"Grote bladsnijder - Grote wolbij";"POINT(4.9328878,52.3489882)";"POINT(52.3489882,4.9328878)";4.9328878;52.3489882;
84;"Nieuwe Oosterbegraafplaats";1998;"Geeltipje - Gewone geurgroefbij - Langkopsmaragdgroefbij - Tweekleurige zandbij";"POINT(4.9383809,52.3448111)";"POINT(52.3448111,4.9383809)";4.9383809;52.3448111;
85;"Nobelweg";1998;"Tuinbladsnijder";"POINT(4.9252489,52.3498313)";"POINT(52.3498313,4.9252489)";4.9252489;52.3498313;
86;"Omgeving Willem Dreeshuis";1998;"Gewone maskerbij - Grote bladsnijder - Tuinmaskerbij";"POINT(4.9322331,52.3488394)";"POINT(52.3488394,4.9322331)";4.9322331;52.3488394;
87;"Ooster Ringdijk";1998;"Gewone geurgroefbij - Gewone maskerbij - Roodpotige groefbij - Witkopdwergzandbij";"POINT(4.9486592,52.3578002)";"POINT(52.3578002,4.9486592)";4.9486592;52.3578002;
88;"Rozenburglaan";1998;"Gewone geurgroefbij - Grote bladsnijder - Parkbronsgroefbij - Tweekleurige zandbij - Vosje - Witkopdwergzandbij";"POINT(4.9376728,52.3400008)";"POINT(52.3400008,4.9376728)";4.9376728;52.3400008;
89;"Veeteeltstraat";1998;"Gewone maskerbij - Grote bladsnijder - Tuinmaskerbij";"POINT(4.9475758,52.3413169)";"POINT(52.3413169,4.9475758)";4.9475758;52.3413169;
90;"Eerste Hugo de Grootstraat";1998;"Grijze rimpelrug - Rosse metselbij";"POINT(4.8743508,52.3761031)";"POINT(52.3761031,4.8743508)";4.8743508;52.3761031;
91;"Tweede Hugo de Grootstraat";1998;"Gewone geurgroefbij";"POINT(4.8733962,52.3745238)";"POINT(52.3745238,4.8733962)";4.8733962;52.3745238;
92;"Derde Hugo de Grootstraat";1998;"Grijze rimpelrug";"POINT(4.871712,52.3738562)";"POINT(52.3738562,4.871712)";4.871712;52.3738562;
93;"Van Boetzelaerstraat";1998;"Gewone maskerbij";"POINT(4.8723881,52.3823897)";"POINT(52.3823897,4.8723881)";4.8723881;52.3823897;
94;"De Wittenkade";1998;"Bloedbij spec. - Tweekleurige zandbij";"POINT(4.8763039,52.3829543)";"POINT(52.3829543,4.8763039)";4.8763039;52.3829543;
95;"Waterloop";1998;"Dikkopbloedbij - Gewone maskerbij - Gewone sachembij - Grote bladsnijder - Grote wolbij - Matte bandgroefbij - Roodsprietwespbij - Rosse metselbij - Tuinbladsnijder - Tuinmaskerbij - Tweekleurige zandbij - Witbaardzandbij - Witkopdwergzandbij - Wormkruidbij";"POINT(4.8689549,52.3831412)";"POINT(52.3831412,4.8689549)";4.8689549;52.3831412;
96;"Westerpark";1998;"Gewone geurgroefbij - Gewone sachembij - Gewone wespbij - Grasbij - Grijze rimpelrug - Meidoornzandbij - Parkbronsgroefbij - Resedamaskerbij - Roodgatje - Roodpotige groefbij - Rosse metselbij - Sierlijke wespbij - Tweekleurige zandbij - Vosje - Witbaardzandbij - Witkopdwergzandbij";"POINT(4.8769052,52.3864638)";"POINT(52.3864638,4.8769052)";4.8769052;52.3864638;
97;"Westerpark nieuw gedeelte";1998;"Dikkopbloedbij - Donkere wespbij - Gewone wespbij - Grote bladsnijder - Pluimvoetbij - Roodpotige groefbij - Schoffelbloedbij - Sierlijke wespbij";"POINT(4.8716471,52.386975)";"POINT(52.386975,4.8716471)";4.8716471;52.386975;
98;"Flevopark";1998;"Gewone geurgroefbij - Gewone maskerbij - Gewone wespbij - Grijze rimpelrug - Meidoornzandbij - Roodgatje - Viltvlekzandbij - Vosje - Witkopdwergzandbij";"POINT(4.9500959,52.3632132)";"POINT(52.3632132,4.9500959)";4.9500959;52.3632132;
99;"Kramatweg";1998;"Rosse metselbij - Sierlijke wespbij - Vosje";"POINT(4.94647,52.3651778)";"POINT(52.3651778,4.94647)";4.94647;52.3651778;
100;"Sumatraplantsoen";1998;"Bruine rouwbij - Gewone geurgroefbij - Gewone sachembij - Grijze rimpelrug - Rosse metselbij - Sierlijke wespbij - Vosje - Witbaardzandbij";"POINT(4.9430692,52.3599097)";"POINT(52.3599097,4.9430692)";4.9430692;52.3599097;
101;"Oude Bijlmerflats";1998;"Gewone dwergzandbij - Gewone geurgroefbij - Langkopsmaragdgroefbij - Parkbronsgroefbij - Roodpotige groefbij - Rosse metselbij - Witkopdwergzandbij";"POINT(4.969816,52.3234259)";"POINT(52.3234259,4.969816)";4.969816;52.3234259;
103;"Abcouderpad";2014;"Gedoornde slakkenhuisbij - Gewone geurgroefbij - Grasbij - Matte bandgroefbij - Roodpotige groefbij - Tuinbladsnijder - Wormkruidbij";"POINT(4.9573171,52.3068701)";"POINT(52.3068701,4.9573171)";4.9573171;52.3068701;
104;"Adelaarsweg";2014;"Gewone kleine wespbij - Grasbij - Tuinmaskerbij - Wormkruidbij";"POINT(4.9176099,52.387879)";"POINT(52.387879,4.9176099)";4.9176099;52.387879;
105;"Amsteldijk";2014;"Ereprijszandbij - Gewone dwergzandbij - Gewone franjegroefbij - Gewone geurgroefbij - Gewone maskerbij - Gewone sachembij - Gewone slobkousbij - Gewone smaragdgroefbij - Grasbij - Grote bladsnijder - Grote wolbij - Parkbronsgroefbij - Rosse metselbij - Tronkenbij - Tuinbladsnijder - Witbaardzandbij - Wormkruidbij";"POINT(4.8943288,52.3242118)";"POINT(52.3242118,4.8943288)";4.8943288;52.3242118;
106;"Amstelpark";2014;"Bleekvlekwespbij - Gewone dwergbloedbij - Gewone sachembij - Gewone slobkousbij - Gewone smaragdgroefbij - Grasbij - Grote bladsnijder - Grote klokjesbij - Pantserbloedbij - Roodbuikje - Rosse metselbij - Tronkenbij - Tuinbladsnijder - Vosje - Witbaardzandbij";"POINT(4.894243,52.3295638)";"POINT(52.3295638,4.894243)";4.894243;52.3295638;
107;"Baanakkerspark";2014;"Gewone dwergzandbij - Gewone franjegroefbij - Gewone geurgroefbij - Gewone sachembij - Grasbij - Rood-Zwarte dubbeltand - Roodgatje - Smalbandwespbij - Tweekleurige zandbij - Viltvlekzandbij - Vroege zandbij";"POINT(4.9455531,52.3977019)";"POINT(52.3977019,4.9455531)";4.9455531;52.3977019;
108;"Beatrixpark";2014;"Donkere wespbij - Ereprijszandbij - Geeltipje - Gewone franjegroefbij - Gewone geurgroefbij - Gewone maskerbij - Gewone sachembij - Gewone slobkousbij - Grijze rimpelrug - Grote bladsnijder - Grote klokjesbij - Grote wolbij - Roodbuikje - Roodgatje - Rosse metselbij - Tronkenbij - Tuinbladsnijder - Tuinmaskerbij - Tweekleurige zandbij - Vosje - Witbaardzandbij - Wormkruidbij";"POINT(4.8791802,52.3429572)";"POINT(52.3429572,4.8791802)";4.8791802;52.3429572;
109;"Beemsterstraat";2014;"Gewone geurgroefbij - Gewone maskerbij - Grasbij - Tuinbladsnijder - Tuinmaskerbij - Wormkruidbij";"POINT(4.9506118,52.396443)";"POINT(52.396443,4.9506118)";4.9506118;52.396443;
110;"Bijlmerweide";2014;"Gewone dwergzandbij - Gewone geurgroefbij - Gewone sachembij - Grijze zandbij - Grote zijdebij - Roodpotige groefbij - Tronkenbij - Tuinbladsnijder - Tuinmaskerbij - Vosje - Wormkruidbij";"POINT(4.9878409,52.3264662)";"POINT(52.3264662,4.9878409)";4.9878409;52.3264662;
111;"Boris Pasternakstraat";2014;"Gewone dwergzandbij - Gewone geurgroefbij - Gewone maskerbij - Ingesnoerde groefbij - Tweekleurige zandbij - Wormkruidbij";"POINT(4.9427478,52.3183028)";"POINT(52.3183028,4.9427478)";4.9427478;52.3183028;
112;"Brinkstraat";2014;"Roodpotige groefbij";"POINT(4.9455101,52.34187)";"POINT(52.34187,4.9455101)";4.9455101;52.34187;
114;"Fietspad Abcoude";1998;"Ereprijszandbij - Gewone geurgroefbij - Rosse metselbij";"POINT(4.9595601,52.3049704)";"POINT(52.3049704,4.9595601)";4.9595601;52.3049704;
115;"Bijlmer laagbouw";1998;"Ereprijszandbij";"POINT(4.982691,52.3256308)";"POINT(52.3256308,4.982691)";4.982691;52.3256308;
116;"Ringvaartdijk T106";1998;"Grasbij - Kortsprietwespbij";"POINT(4.8051498,52.3325125)";"POINT(52.3325125,4.8051498)";4.8051498;52.3325125;
117;"Ringvaartdijk";1998;"Grasbij - Kortsprietwespbij - Matte bandgroefbij - Parkbronsgroefbij - Roodpotige groefbij - Tuinbladsnijder - Tweekleurige zandbij";"POINT(4.7559259,52.3570372)";"POINT(52.3570372,4.7559259)";4.7559259;52.3570372;
118;"Flierbosdreef";1998;"Ereprijszandbij";"POINT(4.959667,52.3108985)";"POINT(52.3108985,4.959667)";4.959667;52.3108985;
119;"Het Hoogt";1998;"Grote wolbij";"POINT(4.938338,52.3968474)";"POINT(52.3968474,4.938338)";4.938338;52.3968474;
120;"Buikslotermeerdijk";2014;"Gewone geurgroefbij - Grasbij - Roodgatje - Vosje";"POINT(4.9288752,52.4095313)";"POINT(52.4095313,4.9288752)";4.9288752;52.4095313;
121;"Darwinplantsoen";2014;"Gewone franjegroefbij - Gewone geurgroefbij - Gewone maskerbij - Grote bladsnijder - Grote wolbij - Tuinbladsnijder - Tuinmaskerbij - Tweekleurige zandbij - Wormkruidbij";"POINT(4.9310639,52.3447577)";"POINT(52.3447577,4.9310639)";4.9310639;52.3447577;
122;"Diemerpark";2014;"Donkere wespbij - Duinzijdebij - Gewone dwergbloedbij - Gewone geurgroefbij - Gewone kleine wespbij - Goudpootzandbij - Grasbij - Grote bladsnijder - Grote wolbij - Grote zijdebij - Matte bandgroefbij - Parkbronsgroefbij - Pluimvoetbij - Rood-Zwarte dubbeltand - Roodgatje - Smalbandwespbij - Tweekleurige zandbij - Wimperflankzandbij - Wormkruidbij";"POINT(4.984751,52.353028)";"POINT(52.353028,4.984751)";4.984751;52.353028;
123;"Flevopark";2014;"Blauwe metselbij - Bruinsprietwespbij - Gewone dwergzandbij - Gewone franjegroefbij - Gewone geurgroefbij - Gewone maskerbij - Gewone sachembij - Grasbij - Roodgatje - Rosse metselbij - Smalbandwespbij - Tuinbladsnijder - Tuinmaskerbij - Tweekleurige zandbij - Witbaardzandbij";"POINT(4.950505,52.3630416)";"POINT(52.3630416,4.950505)";4.950505;52.3630416;
124;"Gijsbrecht van Aemstelpark";2014;"Ereprijszandbij - Fluitenkruidbij - Gewone dwergbloedbij - Gewone franjegroefbij - Gewone geurgroefbij - Gewone sachembij - Goudpootzandbij - Grasbij - Grote bladsnijder - Resedamaskerbij - Roodgatje - Roodpotige groefbij - Rosse metselbij - Schoffelbloedbij - Tuinbladsnijder - Viltvlekzandbij - Witbaardzandbij - Wormkruidbij";"POINT(4.8758752,52.3285643)";"POINT(52.3285643,4.8758752)";4.8758752;52.3285643;
125;"Van der Boechorststraat";2014;"Gewone dwergzandbij - Gewone sachembij - Goudpootzandbij - Roodgatje - Rosse metselbij - Smalbandwespbij - Viltvlekzandbij - Vosje - Witbaardzandbij";"POINT(4.8620989,52.3307044)";"POINT(52.3307044,4.8620989)";4.8620989;52.3307044;
126;"Heemtuin Berend Seinen";2014;"Blauwe metselbij - Duinzijdebij - Gewone dwergzandbij - Gewone franjegroefbij - Gewone geurgroefbij - Grasbij - Grote bladsnijder - Grote wolbij - Langkopsmaragdgroefbij - Matte bandgroefbij - Rosse metselbij - Tuinbladsnijder - Vosje - Weidemaskerbij";"POINT(4.942817,52.3985297)";"POINT(52.3985297,4.942817)";4.942817;52.3985297;
127;"Havengebied";2014;"Gewone geurgroefbij - Grasbij - Grote bloedbij - Matte bandgroefbij - Pantserbloedbij - Roodgatje - Witbaardzandbij - Wormkruidbij";"POINT(4.7946789,52.4142462)";"POINT(52.4142462,4.7946789)";4.7946789;52.4142462;
128;"Heggenrankweg 87: N.J.Schaaptuin";2014;"Gewone dwergzandbij - Gewone franjegroefbij - Gewone geurgroefbij - Goudpootzandbij - Grasbij - Grote bladsnijder - Grote wolbij - Tuinbladsnijder - Tweekleurige zandbij";"POINT(4.9118812,52.3965804)";"POINT(52.3965804,4.9118812)";4.9118812;52.3965804;
129;"Hermitage";2014;"Grote bladsnijder";"POINT(4.9022682,52.3651091)";"POINT(52.3651091,4.9022682)";4.9022682;52.3651091;
130;"Hortus botanicus";2014;"Geelgerande tubebij - Gewone dwergzandbij - Gewone geurgroefbij - Gewone maskerbij - Gewone sachembij - Gewone slobkousbij - Grote bladsnijder - Grote klokjesbij - Grote wolbij - Matte bandgroefbij - Resedamaskerbij - Rosse metselbij - Tuinbladsnijder - Tuinmaskerbij - Tweekleurige zandbij - Vosje - Witbaardzandbij - Wormkruidbij";"POINT(4.9081361,52.3667761)";"POINT(52.3667761,4.9081361)";4.9081361;52.3667761;
131;"Kalfjeslaan";2014;"Bleekvlekwespbij - Gewone dubbeltand - Gewone dwergbloedbij - Gewone dwergzandbij - Gewone franjegroefbij - Gewone geurgroefbij - Gewone kleine wespbij - Gewone sachembij - Gewone slobkousbij - Grasbij - Grijze rimpelrug - Grijze zandbij - Grote bladsnijder - Grote klokjesbij - Grote wolbij - Matte bandgroefbij - Rood-Zwarte dubbeltand - Roodbuikje - Roodgatje - Rosse metselbij - Tronkenbij - Tuinbladsnijder - Tweekleurige zandbij - Vosje - Witbaardzandbij - Wormkruidbij";"POINT(4.8770769,52.3219573)";"POINT(52.3219573,4.8770769)";4.8770769;52.3219573;
132;"Kramatweg";2014;"Blauwe metselbij - Dikkopbloedbij - Gewone franjegroefbij - Gewone geurgroefbij - Gewone kleine wespbij - Gewone maskerbij - Smalbandwespbij - Wormkruidbij";"POINT(4.946481,52.3651396)";"POINT(52.3651396,4.946481)";4.946481;52.3651396;
133;"Keizersgracht 177";2014;"Grote bladsnijder - Tuinmaskerbij";"POINT(4.885453,52.3745276)";"POINT(52.3745276,4.885453)";4.885453;52.3745276;
134;"Kelbergen";2014;"Gewone maskerbij - Matte bandgroefbij - Wormkruidbij";"POINT(4.972348,52.3105322)";"POINT(52.3105322,4.972348)";4.972348;52.3105322;
135;"Leusdenhof";2014;"Gehoornde metselbij - Gewone geurgroefbij - Grasbij - Rood-Zwarte dubbeltand - Rosse metselbij - Tuinmaskerbij - Tweekleurige zandbij - Vosje - Wormkruidbij";"POINT(4.9785712,52.3084723)";"POINT(52.3084723,4.9785712)";4.9785712;52.3084723;
136;"Nieuwe Oosterbegraafplaats";2014;"Duinzijdebij - Gewone dwergbloedbij - Gewone dwergzandbij - Gewone franjegroefbij - Gewone geurgroefbij - Gewone sachembij - Grasbij - Grote bladsnijder - Grote klokjesbij - Langkopsmaragdgroefbij - Parkbronsgroefbij - Rood-Zwarte dubbeltand - Roodgatje - Roodpotige groefbij - Rosse metselbij - Tuinbladsnijder - Tuinmaskerbij - Tweekleurige zandbij - Viltvlekzandbij - Wormkruidbij";"POINT(4.9377592,52.3444563)";"POINT(52.3444563,4.9377592)";4.9377592;52.3444563;
137;"Park Frankendael";2014;"Andoornbij - Gewone dwergzandbij - Gewone franjegroefbij - Gewone geurgroefbij - Gewone maskerbij - Gewone sachembij - Gewone slobkousbij - Gewone wespbij - Goudpootzandbij - Grasbij - Grote bladsnijder - Grote klokjesbij - Grote wolbij - Ruige behangersbij - Tuinbladsnijder - Tuinmaskerbij - Tweekleurige zandbij - Vosje - Wormkruidbij";"POINT(4.9309781,52.3504874)";"POINT(52.3504874,4.9309781)";4.9309781;52.3504874;
138;"Piet Heinkade";2014;"Duinzijdebij - Gewone geurgroefbij - Grasbij - Grote bladsnijder - Grote klokjesbij - Matte bandgroefbij - Pluimvoetbij - Resedamaskerbij - Tronkenbij - Tuinbladsnijder - Tuinmaskerbij - Tweekleurige zandbij";"POINT(4.9320939,52.3735472)";"POINT(52.3735472,4.9320939)";4.9320939;52.3735472;
139;"Ploegstraat";2014;"Gewone maskerbij";"POINT(4.9465239,52.3423392)";"POINT(52.3423392,4.9465239)";4.9465239;52.3423392;
140;"Puttersplantsoen";2014;"Wormkruidbij";"POINT(4.9610722,52.3169371)";"POINT(52.3169371,4.9610722)";4.9610722;52.3169371;
141;"Ringvaart bij flevopark";2014;"Gewone slobkousbij";"POINT(4.952049,52.3576438)";"POINT(52.3576438,4.952049)";4.952049;52.3576438;
142;"Ringweg Zuid";2014;"Gewone franjegroefbij - Gewone geurgroefbij - Gewone maskerbij - Gewone sachembij - Grote bladsnijder - Grote klokjesbij - Rosse metselbij - Wormkruidbij";"POINT(4.8878052,52.3371169)";"POINT(52.3371169,4.8878052)";4.8878052;52.3371169;
143;"Sarphatipark";2014;"Gewone geurgroefbij - Gewone maskerbij - Gewone sachembij - Grote bladsnijder - Rosse metselbij - Tuinbladsnijder - Vosje";"POINT(4.8963778,52.3542983)";"POINT(52.3542983,4.8963778)";4.8963778;52.3542983;
144;"Schellingwoudedijk 280-340";2014;"Gewone maskerbij - Grote bladsnijder - Grote wolbij - Tweekleurige zandbij";"POINT(4.9650662,52.3826453)";"POINT(52.3826453,4.9650662)";4.9650662;52.3826453;
145;"Strandvlietpad";2014;"Rood-Zwarte dubbeltand - Tuinmaskerbij";"POINT(4.9527581,52.3202101)";"POINT(52.3202101,4.9527581)";4.9527581;52.3202101;
146;"Sumatraplantsoen";2014;"Gewone geurgroefbij - Tuinmaskerbij - Wormkruidbij";"POINT(4.9430048,52.3598906)";"POINT(52.3598906,4.9430048)";4.9430048;52.3598906;
147;"Texelsepad";2014;"Gewone dwergzandbij - Gewone geurgroefbij - Grasbij - Wormkruidbij";"POINT(4.9258978,52.3926932)";"POINT(52.3926932,4.9258978)";4.9258978;52.3926932;
148;"Van Boetzelaerstraat";2014;"Gewone geurgroefbij - Grote bladsnijder";"POINT(4.874244,52.3826644)";"POINT(52.3826644,4.874244)";4.874244;52.3826644;
149;"Van Hallstraat";2014;"Gewone dwergzandbij - Gewone franjegroefbij - Gewone geurgroefbij - Gewone maskerbij - Gewone sachembij - Matte bandgroefbij - Tuinmaskerbij";"POINT(4.8715622,52.3803717)";"POINT(52.3803717,4.8715622)";4.8715622;52.3803717;
150;"Veeteeltstraat";2014;"Grote bladsnijder - Tweekleurige zandbij";"POINT(4.9473822,52.341397)";"POINT(52.341397,4.9473822)";4.9473822;52.341397;
151;"Vondelpark";2014;"Dikkopbloedbij - Gewone dwergzandbij - Gewone geurgroefbij - Gewone kleine wespbij - Gewone maskerbij - Gewone sachembij - Gewone smaragdgroefbij - Grote bladsnijder - Grote klokjesbij - Matte bandgroefbij - Roodgatje - Roodpotige groefbij - Rosse metselbij - Tuinbladsnijder - Tuinmaskerbij - Tweekleurige zandbij - Witbaardzandbij";"POINT(4.8685148,52.3575942)";"POINT(52.3575942,4.8685148)";4.8685148;52.3575942;
152;"Waterbaan";2014;"Gewone maskerbij - Matte bandgroefbij - Tuinbladsnijder - Tuinmaskerbij - Tweekleurige zandbij - Wormkruidbij";"POINT(4.8685682,52.3836218)";"POINT(52.3836218,4.8685682)";4.8685682;52.3836218;
153;"Waterloop";2014;"Gewone geurgroefbij - Gewone sachembij - Grasbij - Rosse metselbij - Tuinbladsnijder - Tweekleurige zandbij - Vosje - Vroege zandbij";"POINT(4.869137,52.3836295)";"POINT(52.3836295,4.869137)";4.869137;52.3836295;
154;"Westerpark";2014;"Biggenkruidgroefbij - Gewone dwergzandbij - Gewone franjegroefbij - Gewone geurgroefbij - Gewone smaragdgroefbij - Grasbij - Grote bladsnijder - Grote wolbij - Matte bandgroefbij - Roodgatje - Tuinmaskerbij - Tweekleurige zandbij";"POINT(4.8767221,52.3865477)";"POINT(52.3865477,4.8767221)";4.8767221;52.3865477;
155;"Westerpark Dijkje";2014;"Bruinsprietwespbij - Dikkopbloedbij - Gewone dwergzandbij - Grote bladsnijder - Pluimvoetbij - Rood-Zwarte dubbeltand - Roodbuikje";"POINT(4.871669,52.3881117)";"POINT(52.3881117,4.871669)";4.871669;52.3881117;
156;"Westerpark talud NS";2014;"Gewone sachembij - Grasbij - Grote zijdebij - Parkbronsgroefbij - Rosse metselbij - Tronkenbij - Vroege zandbij";"POINT(4.877291,52.387654)";"POINT(52.387654,4.877291)";4.877291;52.387654;
157;"Zuiderzeeweg";2014;"Gewone dwergzandbij - Gewone geurgroefbij - Rimpelkruinbloedbij - Wormkruidbij";"POINT(4.968271,52.3798873)";"POINT(52.3798873,4.968271)";4.968271;52.3798873;
158;"Rozenburglaan";2014;"Duinzijdebij - Gewone franjegroefbij - Gewone geurgroefbij - Gewone sachembij - Rosse metselbij - Vosje";"POINT(4.9385312,52.3398406)";"POINT(52.3398406,4.9385312)";4.9385312;52.3398406;
159;"Kabouterberg Elpermeer";2014;"Gewone dwergzandbij - Grasbij";"POINT(4.9481008,52.4032828)";"POINT(52.4032828,4.9481008)";4.9481008;52.4032828;
160;"Brettenzone";2014;"Bruinsprietwespbij - Dikkopbloedbij - Donkere wilgenzandbij - Gewone dubbeltand - Gewone dwergbloedbij - Gewone geurgroefbij - Gewone sachembij - Glanzende bandgroefbij - Goudpootzandbij - Grasbij - Grijze zandbij - Grote bladsnijder - Grote zijdebij - Matte bandgroefbij - Pluimvoetbij - Roodbuikje - Roodgatje - Viltvlekzandbij - Vosje - Vroege zandbij - Wormkruidbij - Zwart rosse zandbij - Zwartbronzen zandbij";"POINT(4.7754528,52.3875357)";"POINT(52.3875357,4.7754528)";4.7754528;52.3875357;
161;"Lelylaan";2014;"Donkere wespbij - Gewone geurgroefbij - Gewone wespbij";"POINT(4.8192689,52.35801)";"POINT(52.35801,4.8192689)";4.8192689;52.35801;
162;"Wiedijktuin";2014;"Fluitenkruidbij - Gewone geurgroefbij - Gewone maskerbij - Gewone slobkousbij - Gewone wespbij - Grote bladsnijder - Matte bandgroefbij - Rosse metselbij - Tuinbladsnijder - Vosje - Witbaardzandbij";"POINT(4.8164799,52.3569075)";"POINT(52.3569075,4.8164799)";4.8164799;52.3569075;
163;"Vrije Geer";2014;"Gewone geurgroefbij - Roodgatje - Rosse metselbij - Tuinbladsnijder";"POINT(4.8002579,52.3455321)";"POINT(52.3455321,4.8002579)";4.8002579;52.3455321;
164;"Plesmanlaan";2014;"Gewone geurgroefbij - Gewone sachembij - Parkbronsgroefbij - Roodpotige groefbij - Vosje";"POINT(4.8193982,52.35101)";"POINT(52.35101,4.8193982)";4.8193982;52.35101;
165;"Paden Powelweg";2014;"Gewone maskerbij - Gewone sachembij";"POINT(4.7914169,52.3556754)";"POINT(52.3556754,4.7914169)";4.7914169;52.3556754;
166;"Ponthaven";2014;"Dikkopbloedbij - Gewone dwergbloedbij - Grote bloedbij - Grote zijdebij - Vroege zandbij - Witbaardzandbij";"POINT(4.9273298,52.3840529)";"POINT(52.3840529,4.9273298)";4.9273298;52.3840529;
167;"Ringdijk";2014;"Gewone sachembij - Grasbij - Grote zijdebij - Tweekleurige zandbij";"POINT(4.9250562,52.3532645)";"POINT(52.3532645,4.9250562)";4.9250562;52.3532645;
168;"Sciencepark";2014;"Gewone kleine wespbij - Grasbij";"POINT(4.9594738,52.3558356)";"POINT(52.3558356,4.9594738)";4.9594738;52.3558356;
169;"Westpoortweg tijdelijke natuur";2015;"Grote bloedbij - Matte bandgroefbij - Pantserbloedbij - Roodgatje - Witbaardzandbij";"POINT(4.7417109,52.4282843)";"POINT(52.4282843,4.7417109)";4.7417109;52.4282843;
170;"Talud bosbaan";2017;"Fluitenkruidbij - Gewone franjegroefbij - Gewone sachembij - Goudpootzandbij - Grasbij - Grijze rimpelrug - Matte bandgroefbij - Roodgatje - Vosje - Witkopdwergzandbij";"POINT(4.8524631,52.3293838)";"POINT(52.3293838,4.8524631)";4.8524631;52.3293838;
171;"Zandplaats";2017;"Grijze zandbij - Matte bandgroefbij - Pantserbloedbij - Roodgatje - Rosse metselbij - Viltvlekzandbij - Witkopdwergzandbij - Wormkruidbij - Zwart rosse zandbij";"POINT(4.8464069,52.3290072)";"POINT(52.3290072,4.8464069)";4.8464069;52.3290072;
172;"Bosbaan - fietspad";2017;"Fluitenkruidbij - Gewone geurgroefbij - Gewone sachembij - Gewone wespbij - Goudpootzandbij - Meidoornzandbij - Rood-Zwarte dubbeltand - Roodgatje - Roodpotige groefbij - Sierlijke wespbij - Viltvlekzandbij - Witkopdwergzandbij";"POINT(4.8263176,52.3256269)";"POINT(52.3256269,4.8263176)";4.8263176;52.3256269;
173;"Heuvel Amsterdamse bos ";2017;"Gewone sachembij - Goudpootzandbij - Meidoornzandbij - Rood-Zwarte dubbeltand - Vosje";"POINT(4.8391348,52.3203655)";"POINT(52.3203655,4.8391348)";4.8391348;52.3203655;
174;"Heuvel Amsterdamse bos";2017;"Gewone sachembij - Goudpootzandbij - Matte bandgroefbij - Meidoornzandbij - Rood-Zwarte dubbeltand - Roodgatje - Viltvlekzandbij - Witkopdwergzandbij";"POINT(4.832382,52.3188996)";"POINT(52.3188996,4.832382)";4.832382;52.3188996;
175;"Heuvel Amsterdamse bos";2017;"Gewone geurgroefbij - Gewone sachembij - Goudpootzandbij - Meidoornzandbij - Viltvlekzandbij";"POINT(4.835285,52.3168318)";"POINT(52.3168318,4.835285)";4.835285;52.3168318;
176;"Heuvel Amsterdamse bos";2017;"Gewone geurgroefbij - Goudpootzandbij - Roodgatje";"POINT(4.8342753,52.3150139)";"POINT(52.3150139,4.8342753)";4.8342753;52.3150139;
177;"Amsterdamse bos vogeleiland";2017;"Gewone geurgroefbij - Gewone maskerbij - Gewone sachembij - Gewone wespbij - Goudpootzandbij - Rood-Zwarte dubbeltand - Roodgatje - Rosse metselbij - Tuinhommel - Viltvlekzandbij - Witkopdwergzandbij - Wormkruidbij";"POINT(4.8193729,52.3146377)";"POINT(52.3146377,4.8193729)";4.8193729;52.3146377;
178;"Amsterdamse bos";2017;"Gewone geurgroefbij - Gewone maskerbij - Rood-Zwarte dubbeltand - Roodgatje - Viltvlekzandbij - Wormkruidbij";"POINT(4.8154771,52.3089921)";"POINT(52.3089921,4.8154771)";4.8154771;52.3089921;
179;"Bloesempark Amsterdamse bos";2017;"Gewone geurgroefbij - Gewone slobkousbij - Goudpootzandbij - Meidoornzandbij";"POINT(4.8358398,52.303922)";"POINT(52.303922,4.8358398)";4.8358398;52.303922;
180;"Amsterdamse bos";2017;"Gewone wespbij - Goudpootzandbij - Rood-Zwarte dubbeltand - Roodpotige groefbij - Rosse metselbij - Smalbandwespbij - Viltvlekzandbij";"POINT(4.8190119,52.2980003)";"POINT(52.2980003,4.8190119)";4.8190119;52.2980003;
181;"Amsterdamse bos";2017;"Goudpootzandbij - Rood-Zwarte dubbeltand - Smalbandwespbij - Viltvlekzandbij";"POINT(4.8233161,52.2986113)";"POINT(52.2986113,4.8233161)";4.8233161;52.2986113;
185;"Amsterdamse bos";2017;"Rosse metselbij";"POINT(4.8311456,52.3119211)";"POINT(52.3119211,4.8311456)";4.8311456;52.3119211;
186;"Amsterdamse bos";2017;"Goudpootzandbij";"POINT(4.8317262,52.3101648)";"POINT(52.3101648,4.8317262)";4.8317262;52.3101648;
187;"Schinkelbos";2017;"Gewone geurgroefbij - Goudpootzandbij - Meidoornzandbij - Rood-Zwarte dubbeltand - Roodgatje - Tronkenbij - Tuinbladsnijder - Viltvlekzandbij - Vroege zandbij";"POINT(4.8081848,52.2995742)";"POINT(52.2995742,4.8081848)";4.8081848;52.2995742;
189;"Amstelveense Poel";2017;"Veenhommel";"POINT(4.8351758,52.2988703)";"POINT(52.2988703,4.8351758)";4.8351758;52.2988703;

